noi_dung,nhan
Tôi cần được hỗ trợ ngay vì tài khoản bị người lạ đăng nhập và đổi mật khẩu.,khan_cap
Tôi cần được hỗ trợ ngay vì giao dịch thất bại nhưng tiền đã bị trừ hai lần.,khan_cap
Tôi cần được hỗ trợ ngay vì thẻ của tôi phát sinh nhiều khoản thanh toán không rõ nguồn gốc.,khan_cap
Tôi cần được hỗ trợ ngay vì ứng dụng làm lộ thông tin cá nhân và lịch sử giao dịch.,khan_cap
"Tôi cần được hỗ trợ ngay vì sản phẩm vừa cắm điện đã bốc khói, có nguy cơ gây cháy.",khan_cap
Tôi cần được hỗ trợ ngay vì tôi bị khóa tài khoản trong khi vẫn còn tiền bên trong.,khan_cap
Tôi cần được hỗ trợ ngay vì đơn hàng giá trị cao báo đã giao nhưng tôi chưa nhận được.,khan_cap
Tôi cần được hỗ trợ ngay vì hệ thống tự thay đổi số điện thoại và email bảo mật của tôi.,khan_cap
Tôi cần được hỗ trợ ngay vì tôi không thể rút tiền dù số dư vẫn bị giảm.,khan_cap
Tôi cần được hỗ trợ ngay vì mã xác thực liên tục được gửi dù tôi không thực hiện giao dịch.,khan_cap
"Vui lòng kiểm tra khẩn cấp, tài khoản bị người lạ đăng nhập và đổi mật khẩu.",khan_cap
"Vui lòng kiểm tra khẩn cấp, giao dịch thất bại nhưng tiền đã bị trừ hai lần.",khan_cap
"Vui lòng kiểm tra khẩn cấp, thẻ của tôi phát sinh nhiều khoản thanh toán không rõ nguồn gốc.",khan_cap
"Vui lòng kiểm tra khẩn cấp, ứng dụng làm lộ thông tin cá nhân và lịch sử giao dịch.",khan_cap
"Vui lòng kiểm tra khẩn cấp, sản phẩm vừa cắm điện đã bốc khói, có nguy cơ gây cháy.",khan_cap
"Vui lòng kiểm tra khẩn cấp, tôi bị khóa tài khoản trong khi vẫn còn tiền bên trong.",khan_cap
"Vui lòng kiểm tra khẩn cấp, đơn hàng giá trị cao báo đã giao nhưng tôi chưa nhận được.",khan_cap
"Vui lòng kiểm tra khẩn cấp, hệ thống tự thay đổi số điện thoại và email bảo mật của tôi.",khan_cap
"Vui lòng kiểm tra khẩn cấp, tôi không thể rút tiền dù số dư vẫn bị giảm.",khan_cap
"Vui lòng kiểm tra khẩn cấp, mã xác thực liên tục được gửi dù tôi không thực hiện giao dịch.",khan_cap
Tình trạng rất nghiêm trọng: tài khoản bị người lạ đăng nhập và đổi mật khẩu.,khan_cap
Tình trạng rất nghiêm trọng: giao dịch thất bại nhưng tiền đã bị trừ hai lần.,khan_cap
Tình trạng rất nghiêm trọng: thẻ của tôi phát sinh nhiều khoản thanh toán không rõ nguồn gốc.,khan_cap
Tình trạng rất nghiêm trọng: ứng dụng làm lộ thông tin cá nhân và lịch sử giao dịch.,khan_cap
"Tình trạng rất nghiêm trọng: sản phẩm vừa cắm điện đã bốc khói, có nguy cơ gây cháy.",khan_cap
Tình trạng rất nghiêm trọng: tôi bị khóa tài khoản trong khi vẫn còn tiền bên trong.,khan_cap
Tình trạng rất nghiêm trọng: đơn hàng giá trị cao báo đã giao nhưng tôi chưa nhận được.,khan_cap
Tình trạng rất nghiêm trọng: hệ thống tự thay đổi số điện thoại và email bảo mật của tôi.,khan_cap
Tình trạng rất nghiêm trọng: tôi không thể rút tiền dù số dư vẫn bị giảm.,khan_cap
Tình trạng rất nghiêm trọng: mã xác thực liên tục được gửi dù tôi không thực hiện giao dịch.,khan_cap
Tôi đang rất lo lắng vì tài khoản bị người lạ đăng nhập và đổi mật khẩu.,khan_cap
Tôi đang rất lo lắng vì giao dịch thất bại nhưng tiền đã bị trừ hai lần.,khan_cap
Tôi đang rất lo lắng vì thẻ của tôi phát sinh nhiều khoản thanh toán không rõ nguồn gốc.,khan_cap
Tôi đang rất lo lắng vì ứng dụng làm lộ thông tin cá nhân và lịch sử giao dịch.,khan_cap
"Tôi đang rất lo lắng vì sản phẩm vừa cắm điện đã bốc khói, có nguy cơ gây cháy.",khan_cap
Tôi đang rất lo lắng vì tôi bị khóa tài khoản trong khi vẫn còn tiền bên trong.,khan_cap
Tôi đang rất lo lắng vì đơn hàng giá trị cao báo đã giao nhưng tôi chưa nhận được.,khan_cap
Tôi đang rất lo lắng vì hệ thống tự thay đổi số điện thoại và email bảo mật của tôi.,khan_cap
Tôi đang rất lo lắng vì tôi không thể rút tiền dù số dư vẫn bị giảm.,khan_cap
Tôi đang rất lo lắng vì mã xác thực liên tục được gửi dù tôi không thực hiện giao dịch.,khan_cap
Đề nghị xử lý ngay trường hợp tài khoản bị người lạ đăng nhập và đổi mật khẩu.,khan_cap
Đề nghị xử lý ngay trường hợp giao dịch thất bại nhưng tiền đã bị trừ hai lần.,khan_cap
Đề nghị xử lý ngay trường hợp thẻ của tôi phát sinh nhiều khoản thanh toán không rõ nguồn gốc.,khan_cap
Đề nghị xử lý ngay trường hợp ứng dụng làm lộ thông tin cá nhân và lịch sử giao dịch.,khan_cap
"Đề nghị xử lý ngay trường hợp sản phẩm vừa cắm điện đã bốc khói, có nguy cơ gây cháy.",khan_cap
Đề nghị xử lý ngay trường hợp tôi bị khóa tài khoản trong khi vẫn còn tiền bên trong.,khan_cap
Đề nghị xử lý ngay trường hợp đơn hàng giá trị cao báo đã giao nhưng tôi chưa nhận được.,khan_cap
Đề nghị xử lý ngay trường hợp hệ thống tự thay đổi số điện thoại và email bảo mật của tôi.,khan_cap
Đề nghị xử lý ngay trường hợp tôi không thể rút tiền dù số dư vẫn bị giảm.,khan_cap
Đề nghị xử lý ngay trường hợp mã xác thực liên tục được gửi dù tôi không thực hiện giao dịch.,khan_cap
"Xin ưu tiên giúp tôi, tài khoản bị người lạ đăng nhập và đổi mật khẩu.",khan_cap
"Xin ưu tiên giúp tôi, giao dịch thất bại nhưng tiền đã bị trừ hai lần.",khan_cap
"Xin ưu tiên giúp tôi, thẻ của tôi phát sinh nhiều khoản thanh toán không rõ nguồn gốc.",khan_cap
"Xin ưu tiên giúp tôi, ứng dụng làm lộ thông tin cá nhân và lịch sử giao dịch.",khan_cap
"Xin ưu tiên giúp tôi, sản phẩm vừa cắm điện đã bốc khói, có nguy cơ gây cháy.",khan_cap
"Xin ưu tiên giúp tôi, tôi bị khóa tài khoản trong khi vẫn còn tiền bên trong.",khan_cap
"Xin ưu tiên giúp tôi, đơn hàng giá trị cao báo đã giao nhưng tôi chưa nhận được.",khan_cap
"Xin ưu tiên giúp tôi, hệ thống tự thay đổi số điện thoại và email bảo mật của tôi.",khan_cap
"Xin ưu tiên giúp tôi, tôi không thể rút tiền dù số dư vẫn bị giảm.",khan_cap
"Xin ưu tiên giúp tôi, mã xác thực liên tục được gửi dù tôi không thực hiện giao dịch.",khan_cap
Tôi không thể tiếp tục sử dụng dịch vụ vì tài khoản bị người lạ đăng nhập và đổi mật khẩu.,khan_cap
Tôi không thể tiếp tục sử dụng dịch vụ vì giao dịch thất bại nhưng tiền đã bị trừ hai lần.,khan_cap
Tôi không thể tiếp tục sử dụng dịch vụ vì thẻ của tôi phát sinh nhiều khoản thanh toán không rõ nguồn gốc.,khan_cap
Tôi không thể tiếp tục sử dụng dịch vụ vì ứng dụng làm lộ thông tin cá nhân và lịch sử giao dịch.,khan_cap
"Tôi không thể tiếp tục sử dụng dịch vụ vì sản phẩm vừa cắm điện đã bốc khói, có nguy cơ gây cháy.",khan_cap
Tôi không thể tiếp tục sử dụng dịch vụ vì tôi bị khóa tài khoản trong khi vẫn còn tiền bên trong.,khan_cap
Tôi không thể tiếp tục sử dụng dịch vụ vì đơn hàng giá trị cao báo đã giao nhưng tôi chưa nhận được.,khan_cap
Tôi không thể tiếp tục sử dụng dịch vụ vì hệ thống tự thay đổi số điện thoại và email bảo mật của tôi.,khan_cap
Tôi không thể tiếp tục sử dụng dịch vụ vì tôi không thể rút tiền dù số dư vẫn bị giảm.,khan_cap
Tôi không thể tiếp tục sử dụng dịch vụ vì mã xác thực liên tục được gửi dù tôi không thực hiện giao dịch.,khan_cap
Sự cố cần được giải quyết ngay: tài khoản bị người lạ đăng nhập và đổi mật khẩu.,khan_cap
Sự cố cần được giải quyết ngay: giao dịch thất bại nhưng tiền đã bị trừ hai lần.,khan_cap
Sự cố cần được giải quyết ngay: thẻ của tôi phát sinh nhiều khoản thanh toán không rõ nguồn gốc.,khan_cap
Sự cố cần được giải quyết ngay: ứng dụng làm lộ thông tin cá nhân và lịch sử giao dịch.,khan_cap
"Sự cố cần được giải quyết ngay: sản phẩm vừa cắm điện đã bốc khói, có nguy cơ gây cháy.",khan_cap
Sự cố cần được giải quyết ngay: tôi bị khóa tài khoản trong khi vẫn còn tiền bên trong.,khan_cap
Sự cố cần được giải quyết ngay: đơn hàng giá trị cao báo đã giao nhưng tôi chưa nhận được.,khan_cap
Sự cố cần được giải quyết ngay: hệ thống tự thay đổi số điện thoại và email bảo mật của tôi.,khan_cap
Sự cố cần được giải quyết ngay: tôi không thể rút tiền dù số dư vẫn bị giảm.,khan_cap
Sự cố cần được giải quyết ngay: mã xác thực liên tục được gửi dù tôi không thực hiện giao dịch.,khan_cap
Tôi cần nhân viên liên hệ gấp do tài khoản bị người lạ đăng nhập và đổi mật khẩu.,khan_cap
Tôi cần nhân viên liên hệ gấp do giao dịch thất bại nhưng tiền đã bị trừ hai lần.,khan_cap
Tôi cần nhân viên liên hệ gấp do thẻ của tôi phát sinh nhiều khoản thanh toán không rõ nguồn gốc.,khan_cap
Tôi cần nhân viên liên hệ gấp do ứng dụng làm lộ thông tin cá nhân và lịch sử giao dịch.,khan_cap
"Tôi cần nhân viên liên hệ gấp do sản phẩm vừa cắm điện đã bốc khói, có nguy cơ gây cháy.",khan_cap
Tôi cần nhân viên liên hệ gấp do tôi bị khóa tài khoản trong khi vẫn còn tiền bên trong.,khan_cap
Tôi cần nhân viên liên hệ gấp do đơn hàng giá trị cao báo đã giao nhưng tôi chưa nhận được.,khan_cap
Tôi cần nhân viên liên hệ gấp do hệ thống tự thay đổi số điện thoại và email bảo mật của tôi.,khan_cap
Tôi cần nhân viên liên hệ gấp do tôi không thể rút tiền dù số dư vẫn bị giảm.,khan_cap
Tôi cần nhân viên liên hệ gấp do mã xác thực liên tục được gửi dù tôi không thực hiện giao dịch.,khan_cap
Hãy khóa và kiểm tra tài khoản ngay vì tài khoản bị người lạ đăng nhập và đổi mật khẩu.,khan_cap
Hãy khóa và kiểm tra tài khoản ngay vì giao dịch thất bại nhưng tiền đã bị trừ hai lần.,khan_cap
Hãy khóa và kiểm tra tài khoản ngay vì thẻ của tôi phát sinh nhiều khoản thanh toán không rõ nguồn gốc.,khan_cap
Hãy khóa và kiểm tra tài khoản ngay vì ứng dụng làm lộ thông tin cá nhân và lịch sử giao dịch.,khan_cap
"Hãy khóa và kiểm tra tài khoản ngay vì sản phẩm vừa cắm điện đã bốc khói, có nguy cơ gây cháy.",khan_cap
Hãy khóa và kiểm tra tài khoản ngay vì tôi bị khóa tài khoản trong khi vẫn còn tiền bên trong.,khan_cap
Hãy khóa và kiểm tra tài khoản ngay vì đơn hàng giá trị cao báo đã giao nhưng tôi chưa nhận được.,khan_cap
Hãy khóa và kiểm tra tài khoản ngay vì hệ thống tự thay đổi số điện thoại và email bảo mật của tôi.,khan_cap
Hãy khóa và kiểm tra tài khoản ngay vì tôi không thể rút tiền dù số dư vẫn bị giảm.,khan_cap
Hãy khóa và kiểm tra tài khoản ngay vì mã xác thực liên tục được gửi dù tôi không thực hiện giao dịch.,khan_cap
Tôi cần hỗ trợ vì đơn hàng giao chậm hơn lịch dự kiến hai ngày.,binh_thuong
Tôi cần hỗ trợ vì sản phẩm nhận được không đúng màu tôi đã chọn.,binh_thuong
Tôi cần hỗ trợ vì tôi muốn đổi địa chỉ nhận hàng trước khi giao.,binh_thuong
Tôi cần hỗ trợ vì hóa đơn điện tử vẫn chưa được gửi qua email.,binh_thuong
Tôi cần hỗ trợ vì mã giảm giá hợp lệ nhưng chưa áp dụng được.,binh_thuong
Tôi cần hỗ trợ vì áo nhận được không đúng kích thước đã đặt.,binh_thuong
Tôi cần hỗ trợ vì kiện hàng thiếu một phụ kiện trong mô tả.,binh_thuong
Tôi cần hỗ trợ vì trạng thái vận chuyển chưa cập nhật từ hôm qua.,binh_thuong
Tôi cần hỗ trợ vì tôi muốn đổi phương thức thanh toán cho đơn hiện tại.,binh_thuong
Tôi cần hỗ trợ vì sản phẩm có vết xước nhỏ và cần được đổi mới.,binh_thuong
"Nhờ cửa hàng kiểm tra giúp, đơn hàng giao chậm hơn lịch dự kiến hai ngày.",binh_thuong
"Nhờ cửa hàng kiểm tra giúp, sản phẩm nhận được không đúng màu tôi đã chọn.",binh_thuong
"Nhờ cửa hàng kiểm tra giúp, tôi muốn đổi địa chỉ nhận hàng trước khi giao.",binh_thuong
"Nhờ cửa hàng kiểm tra giúp, hóa đơn điện tử vẫn chưa được gửi qua email.",binh_thuong
"Nhờ cửa hàng kiểm tra giúp, mã giảm giá hợp lệ nhưng chưa áp dụng được.",binh_thuong
"Nhờ cửa hàng kiểm tra giúp, áo nhận được không đúng kích thước đã đặt.",binh_thuong
"Nhờ cửa hàng kiểm tra giúp, kiện hàng thiếu một phụ kiện trong mô tả.",binh_thuong
"Nhờ cửa hàng kiểm tra giúp, trạng thái vận chuyển chưa cập nhật từ hôm qua.",binh_thuong
"Nhờ cửa hàng kiểm tra giúp, tôi muốn đổi phương thức thanh toán cho đơn hiện tại.",binh_thuong
"Nhờ cửa hàng kiểm tra giúp, sản phẩm có vết xước nhỏ và cần được đổi mới.",binh_thuong
Tôi muốn được giải quyết việc đơn hàng giao chậm hơn lịch dự kiến hai ngày.,binh_thuong
Tôi muốn được giải quyết việc sản phẩm nhận được không đúng màu tôi đã chọn.,binh_thuong
Tôi muốn được giải quyết việc tôi muốn đổi địa chỉ nhận hàng trước khi giao.,binh_thuong
Tôi muốn được giải quyết việc hóa đơn điện tử vẫn chưa được gửi qua email.,binh_thuong
Tôi muốn được giải quyết việc mã giảm giá hợp lệ nhưng chưa áp dụng được.,binh_thuong
Tôi muốn được giải quyết việc áo nhận được không đúng kích thước đã đặt.,binh_thuong
Tôi muốn được giải quyết việc kiện hàng thiếu một phụ kiện trong mô tả.,binh_thuong
Tôi muốn được giải quyết việc trạng thái vận chuyển chưa cập nhật từ hôm qua.,binh_thuong
Tôi muốn được giải quyết việc tôi muốn đổi phương thức thanh toán cho đơn hiện tại.,binh_thuong
Tôi muốn được giải quyết việc sản phẩm có vết xước nhỏ và cần được đổi mới.,binh_thuong
"Xin hướng dẫn giúp tôi, đơn hàng giao chậm hơn lịch dự kiến hai ngày.",binh_thuong
"Xin hướng dẫn giúp tôi, sản phẩm nhận được không đúng màu tôi đã chọn.",binh_thuong
"Xin hướng dẫn giúp tôi, tôi muốn đổi địa chỉ nhận hàng trước khi giao.",binh_thuong
"Xin hướng dẫn giúp tôi, hóa đơn điện tử vẫn chưa được gửi qua email.",binh_thuong
"Xin hướng dẫn giúp tôi, mã giảm giá hợp lệ nhưng chưa áp dụng được.",binh_thuong
"Xin hướng dẫn giúp tôi, áo nhận được không đúng kích thước đã đặt.",binh_thuong
"Xin hướng dẫn giúp tôi, kiện hàng thiếu một phụ kiện trong mô tả.",binh_thuong
"Xin hướng dẫn giúp tôi, trạng thái vận chuyển chưa cập nhật từ hôm qua.",binh_thuong
"Xin hướng dẫn giúp tôi, tôi muốn đổi phương thức thanh toán cho đơn hiện tại.",binh_thuong
"Xin hướng dẫn giúp tôi, sản phẩm có vết xước nhỏ và cần được đổi mới.",binh_thuong
Tôi đang gặp vấn đề: đơn hàng giao chậm hơn lịch dự kiến hai ngày.,binh_thuong
Tôi đang gặp vấn đề: sản phẩm nhận được không đúng màu tôi đã chọn.,binh_thuong
Tôi đang gặp vấn đề: tôi muốn đổi địa chỉ nhận hàng trước khi giao.,binh_thuong
Tôi đang gặp vấn đề: hóa đơn điện tử vẫn chưa được gửi qua email.,binh_thuong
Tôi đang gặp vấn đề: mã giảm giá hợp lệ nhưng chưa áp dụng được.,binh_thuong
Tôi đang gặp vấn đề: áo nhận được không đúng kích thước đã đặt.,binh_thuong
Tôi đang gặp vấn đề: kiện hàng thiếu một phụ kiện trong mô tả.,binh_thuong
Tôi đang gặp vấn đề: trạng thái vận chuyển chưa cập nhật từ hôm qua.,binh_thuong
Tôi đang gặp vấn đề: tôi muốn đổi phương thức thanh toán cho đơn hiện tại.,binh_thuong
Tôi đang gặp vấn đề: sản phẩm có vết xước nhỏ và cần được đổi mới.,binh_thuong
"Vui lòng phản hồi khi có thể, đơn hàng giao chậm hơn lịch dự kiến hai ngày.",binh_thuong
"Vui lòng phản hồi khi có thể, sản phẩm nhận được không đúng màu tôi đã chọn.",binh_thuong
"Vui lòng phản hồi khi có thể, tôi muốn đổi địa chỉ nhận hàng trước khi giao.",binh_thuong
"Vui lòng phản hồi khi có thể, hóa đơn điện tử vẫn chưa được gửi qua email.",binh_thuong
"Vui lòng phản hồi khi có thể, mã giảm giá hợp lệ nhưng chưa áp dụng được.",binh_thuong
"Vui lòng phản hồi khi có thể, áo nhận được không đúng kích thước đã đặt.",binh_thuong
"Vui lòng phản hồi khi có thể, kiện hàng thiếu một phụ kiện trong mô tả.",binh_thuong
"Vui lòng phản hồi khi có thể, trạng thái vận chuyển chưa cập nhật từ hôm qua.",binh_thuong
"Vui lòng phản hồi khi có thể, tôi muốn đổi phương thức thanh toán cho đơn hiện tại.",binh_thuong
"Vui lòng phản hồi khi có thể, sản phẩm có vết xước nhỏ và cần được đổi mới.",binh_thuong
Tôi muốn hỏi về trường hợp đơn hàng giao chậm hơn lịch dự kiến hai ngày.,binh_thuong
Tôi muốn hỏi về trường hợp sản phẩm nhận được không đúng màu tôi đã chọn.,binh_thuong
Tôi muốn hỏi về trường hợp tôi muốn đổi địa chỉ nhận hàng trước khi giao.,binh_thuong
Tôi muốn hỏi về trường hợp hóa đơn điện tử vẫn chưa được gửi qua email.,binh_thuong
Tôi muốn hỏi về trường hợp mã giảm giá hợp lệ nhưng chưa áp dụng được.,binh_thuong
Tôi muốn hỏi về trường hợp áo nhận được không đúng kích thước đã đặt.,binh_thuong
Tôi muốn hỏi về trường hợp kiện hàng thiếu một phụ kiện trong mô tả.,binh_thuong
Tôi muốn hỏi về trường hợp trạng thái vận chuyển chưa cập nhật từ hôm qua.,binh_thuong
Tôi muốn hỏi về trường hợp tôi muốn đổi phương thức thanh toán cho đơn hiện tại.,binh_thuong
Tôi muốn hỏi về trường hợp sản phẩm có vết xước nhỏ và cần được đổi mới.,binh_thuong
"Nhờ bộ phận chăm sóc khách hàng xử lý, đơn hàng giao chậm hơn lịch dự kiến hai ngày.",binh_thuong
"Nhờ bộ phận chăm sóc khách hàng xử lý, sản phẩm nhận được không đúng màu tôi đã chọn.",binh_thuong
"Nhờ bộ phận chăm sóc khách hàng xử lý, tôi muốn đổi địa chỉ nhận hàng trước khi giao.",binh_thuong
"Nhờ bộ phận chăm sóc khách hàng xử lý, hóa đơn điện tử vẫn chưa được gửi qua email.",binh_thuong
"Nhờ bộ phận chăm sóc khách hàng xử lý, mã giảm giá hợp lệ nhưng chưa áp dụng được.",binh_thuong
"Nhờ bộ phận chăm sóc khách hàng xử lý, áo nhận được không đúng kích thước đã đặt.",binh_thuong
"Nhờ bộ phận chăm sóc khách hàng xử lý, kiện hàng thiếu một phụ kiện trong mô tả.",binh_thuong
"Nhờ bộ phận chăm sóc khách hàng xử lý, trạng thái vận chuyển chưa cập nhật từ hôm qua.",binh_thuong
"Nhờ bộ phận chăm sóc khách hàng xử lý, tôi muốn đổi phương thức thanh toán cho đơn hiện tại.",binh_thuong
"Nhờ bộ phận chăm sóc khách hàng xử lý, sản phẩm có vết xước nhỏ và cần được đổi mới.",binh_thuong
Tôi cần cập nhật thông tin vì đơn hàng giao chậm hơn lịch dự kiến hai ngày.,binh_thuong
Tôi cần cập nhật thông tin vì sản phẩm nhận được không đúng màu tôi đã chọn.,binh_thuong
Tôi cần cập nhật thông tin vì tôi muốn đổi địa chỉ nhận hàng trước khi giao.,binh_thuong
Tôi cần cập nhật thông tin vì hóa đơn điện tử vẫn chưa được gửi qua email.,binh_thuong
Tôi cần cập nhật thông tin vì mã giảm giá hợp lệ nhưng chưa áp dụng được.,binh_thuong
Tôi cần cập nhật thông tin vì áo nhận được không đúng kích thước đã đặt.,binh_thuong
Tôi cần cập nhật thông tin vì kiện hàng thiếu một phụ kiện trong mô tả.,binh_thuong
Tôi cần cập nhật thông tin vì trạng thái vận chuyển chưa cập nhật từ hôm qua.,binh_thuong
Tôi cần cập nhật thông tin vì tôi muốn đổi phương thức thanh toán cho đơn hiện tại.,binh_thuong
Tôi cần cập nhật thông tin vì sản phẩm có vết xước nhỏ và cần được đổi mới.,binh_thuong
"Xin kiểm tra đơn hàng, đơn hàng giao chậm hơn lịch dự kiến hai ngày.",binh_thuong
"Xin kiểm tra đơn hàng, sản phẩm nhận được không đúng màu tôi đã chọn.",binh_thuong
"Xin kiểm tra đơn hàng, tôi muốn đổi địa chỉ nhận hàng trước khi giao.",binh_thuong
"Xin kiểm tra đơn hàng, hóa đơn điện tử vẫn chưa được gửi qua email.",binh_thuong
"Xin kiểm tra đơn hàng, mã giảm giá hợp lệ nhưng chưa áp dụng được.",binh_thuong
"Xin kiểm tra đơn hàng, áo nhận được không đúng kích thước đã đặt.",binh_thuong
"Xin kiểm tra đơn hàng, kiện hàng thiếu một phụ kiện trong mô tả.",binh_thuong
"Xin kiểm tra đơn hàng, trạng thái vận chuyển chưa cập nhật từ hôm qua.",binh_thuong
"Xin kiểm tra đơn hàng, tôi muốn đổi phương thức thanh toán cho đơn hiện tại.",binh_thuong
"Xin kiểm tra đơn hàng, sản phẩm có vết xước nhỏ và cần được đổi mới.",binh_thuong
Tôi đề xuất bổ sung chế độ nền tối để dễ sử dụng vào ban đêm.,gop_y
Tôi đề xuất cho phép theo dõi vị trí người giao hàng theo thời gian thực.,gop_y
Tôi đề xuất thêm nhiều phương thức thanh toán không dùng tiền mặt.,gop_y
Tôi đề xuất cải thiện tốc độ phản hồi của bộ phận hỗ trợ.,gop_y
Tôi đề xuất hiển thị phí vận chuyển trước bước xác nhận đơn.,gop_y
Tôi đề xuất có chương trình ưu đãi riêng dành cho sinh viên.,gop_y
Tôi đề xuất cho phép khách hàng đánh giá sản phẩm bằng hình ảnh.,gop_y
Tôi đề xuất đơn giản hóa quy trình đổi trả trên ứng dụng.,gop_y
Tôi đề xuất sử dụng vật liệu đóng gói thân thiện với môi trường.,gop_y
Tôi đề xuất bổ sung bộ lọc tìm kiếm theo giá và thời gian giao hàng.,gop_y
"Theo tôi, công ty nên bổ sung chế độ nền tối để dễ sử dụng vào ban đêm.",gop_y
"Theo tôi, công ty nên cho phép theo dõi vị trí người giao hàng theo thời gian thực.",gop_y
"Theo tôi, công ty nên thêm nhiều phương thức thanh toán không dùng tiền mặt.",gop_y
"Theo tôi, công ty nên cải thiện tốc độ phản hồi của bộ phận hỗ trợ.",gop_y
"Theo tôi, công ty nên hiển thị phí vận chuyển trước bước xác nhận đơn.",gop_y
"Theo tôi, công ty nên có chương trình ưu đãi riêng dành cho sinh viên.",gop_y
"Theo tôi, công ty nên cho phép khách hàng đánh giá sản phẩm bằng hình ảnh.",gop_y
"Theo tôi, công ty nên đơn giản hóa quy trình đổi trả trên ứng dụng.",gop_y
"Theo tôi, công ty nên sử dụng vật liệu đóng gói thân thiện với môi trường.",gop_y
"Theo tôi, công ty nên bổ sung bộ lọc tìm kiếm theo giá và thời gian giao hàng.",gop_y
Tôi mong ứng dụng có thể bổ sung chế độ nền tối để dễ sử dụng vào ban đêm.,gop_y
Tôi mong ứng dụng có thể cho phép theo dõi vị trí người giao hàng theo thời gian thực.,gop_y
Tôi mong ứng dụng có thể thêm nhiều phương thức thanh toán không dùng tiền mặt.,gop_y
Tôi mong ứng dụng có thể cải thiện tốc độ phản hồi của bộ phận hỗ trợ.,gop_y
Tôi mong ứng dụng có thể hiển thị phí vận chuyển trước bước xác nhận đơn.,gop_y
Tôi mong ứng dụng có thể có chương trình ưu đãi riêng dành cho sinh viên.,gop_y
Tôi mong ứng dụng có thể cho phép khách hàng đánh giá sản phẩm bằng hình ảnh.,gop_y
Tôi mong ứng dụng có thể đơn giản hóa quy trình đổi trả trên ứng dụng.,gop_y
Tôi mong ứng dụng có thể sử dụng vật liệu đóng gói thân thiện với môi trường.,gop_y
Tôi mong ứng dụng có thể bổ sung bộ lọc tìm kiếm theo giá và thời gian giao hàng.,gop_y
Sẽ thuận tiện hơn nếu bổ sung chế độ nền tối để dễ sử dụng vào ban đêm.,gop_y
Sẽ thuận tiện hơn nếu cho phép theo dõi vị trí người giao hàng theo thời gian thực.,gop_y
Sẽ thuận tiện hơn nếu thêm nhiều phương thức thanh toán không dùng tiền mặt.,gop_y
Sẽ thuận tiện hơn nếu cải thiện tốc độ phản hồi của bộ phận hỗ trợ.,gop_y
Sẽ thuận tiện hơn nếu hiển thị phí vận chuyển trước bước xác nhận đơn.,gop_y
Sẽ thuận tiện hơn nếu có chương trình ưu đãi riêng dành cho sinh viên.,gop_y
Sẽ thuận tiện hơn nếu cho phép khách hàng đánh giá sản phẩm bằng hình ảnh.,gop_y
Sẽ thuận tiện hơn nếu đơn giản hóa quy trình đổi trả trên ứng dụng.,gop_y
Sẽ thuận tiện hơn nếu sử dụng vật liệu đóng gói thân thiện với môi trường.,gop_y
Sẽ thuận tiện hơn nếu bổ sung bộ lọc tìm kiếm theo giá và thời gian giao hàng.,gop_y
Tôi có một góp ý: bổ sung chế độ nền tối để dễ sử dụng vào ban đêm.,gop_y
Tôi có một góp ý: cho phép theo dõi vị trí người giao hàng theo thời gian thực.,gop_y
Tôi có một góp ý: thêm nhiều phương thức thanh toán không dùng tiền mặt.,gop_y
Tôi có một góp ý: cải thiện tốc độ phản hồi của bộ phận hỗ trợ.,gop_y
Tôi có một góp ý: hiển thị phí vận chuyển trước bước xác nhận đơn.,gop_y
Tôi có một góp ý: có chương trình ưu đãi riêng dành cho sinh viên.,gop_y
Tôi có một góp ý: cho phép khách hàng đánh giá sản phẩm bằng hình ảnh.,gop_y
Tôi có một góp ý: đơn giản hóa quy trình đổi trả trên ứng dụng.,gop_y
Tôi có một góp ý: sử dụng vật liệu đóng gói thân thiện với môi trường.,gop_y
Tôi có một góp ý: bổ sung bộ lọc tìm kiếm theo giá và thời gian giao hàng.,gop_y
"Để cải thiện trải nghiệm, nên bổ sung chế độ nền tối để dễ sử dụng vào ban đêm.",gop_y
"Để cải thiện trải nghiệm, nên cho phép theo dõi vị trí người giao hàng theo thời gian thực.",gop_y
"Để cải thiện trải nghiệm, nên thêm nhiều phương thức thanh toán không dùng tiền mặt.",gop_y
"Để cải thiện trải nghiệm, nên cải thiện tốc độ phản hồi của bộ phận hỗ trợ.",gop_y
"Để cải thiện trải nghiệm, nên hiển thị phí vận chuyển trước bước xác nhận đơn.",gop_y
"Để cải thiện trải nghiệm, nên có chương trình ưu đãi riêng dành cho sinh viên.",gop_y
"Để cải thiện trải nghiệm, nên cho phép khách hàng đánh giá sản phẩm bằng hình ảnh.",gop_y
"Để cải thiện trải nghiệm, nên đơn giản hóa quy trình đổi trả trên ứng dụng.",gop_y
"Để cải thiện trải nghiệm, nên sử dụng vật liệu đóng gói thân thiện với môi trường.",gop_y
"Để cải thiện trải nghiệm, nên bổ sung bộ lọc tìm kiếm theo giá và thời gian giao hàng.",gop_y
Tôi hy vọng cửa hàng sẽ bổ sung chế độ nền tối để dễ sử dụng vào ban đêm.,gop_y
Tôi hy vọng cửa hàng sẽ cho phép theo dõi vị trí người giao hàng theo thời gian thực.,gop_y
Tôi hy vọng cửa hàng sẽ thêm nhiều phương thức thanh toán không dùng tiền mặt.,gop_y
Tôi hy vọng cửa hàng sẽ cải thiện tốc độ phản hồi của bộ phận hỗ trợ.,gop_y
Tôi hy vọng cửa hàng sẽ hiển thị phí vận chuyển trước bước xác nhận đơn.,gop_y
Tôi hy vọng cửa hàng sẽ có chương trình ưu đãi riêng dành cho sinh viên.,gop_y
Tôi hy vọng cửa hàng sẽ cho phép khách hàng đánh giá sản phẩm bằng hình ảnh.,gop_y
Tôi hy vọng cửa hàng sẽ đơn giản hóa quy trình đổi trả trên ứng dụng.,gop_y
Tôi hy vọng cửa hàng sẽ sử dụng vật liệu đóng gói thân thiện với môi trường.,gop_y
Tôi hy vọng cửa hàng sẽ bổ sung bộ lọc tìm kiếm theo giá và thời gian giao hàng.,gop_y
Khách hàng sẽ hài lòng hơn nếu bổ sung chế độ nền tối để dễ sử dụng vào ban đêm.,gop_y
Khách hàng sẽ hài lòng hơn nếu cho phép theo dõi vị trí người giao hàng theo thời gian thực.,gop_y
Khách hàng sẽ hài lòng hơn nếu thêm nhiều phương thức thanh toán không dùng tiền mặt.,gop_y
Khách hàng sẽ hài lòng hơn nếu cải thiện tốc độ phản hồi của bộ phận hỗ trợ.,gop_y
Khách hàng sẽ hài lòng hơn nếu hiển thị phí vận chuyển trước bước xác nhận đơn.,gop_y
Khách hàng sẽ hài lòng hơn nếu có chương trình ưu đãi riêng dành cho sinh viên.,gop_y
Khách hàng sẽ hài lòng hơn nếu cho phép khách hàng đánh giá sản phẩm bằng hình ảnh.,gop_y
Khách hàng sẽ hài lòng hơn nếu đơn giản hóa quy trình đổi trả trên ứng dụng.,gop_y
Khách hàng sẽ hài lòng hơn nếu sử dụng vật liệu đóng gói thân thiện với môi trường.,gop_y
Khách hàng sẽ hài lòng hơn nếu bổ sung bộ lọc tìm kiếm theo giá và thời gian giao hàng.,gop_y
"Trong phiên bản tiếp theo, hãy bổ sung chế độ nền tối để dễ sử dụng vào ban đêm.",gop_y
"Trong phiên bản tiếp theo, hãy cho phép theo dõi vị trí người giao hàng theo thời gian thực.",gop_y
"Trong phiên bản tiếp theo, hãy thêm nhiều phương thức thanh toán không dùng tiền mặt.",gop_y
"Trong phiên bản tiếp theo, hãy cải thiện tốc độ phản hồi của bộ phận hỗ trợ.",gop_y
"Trong phiên bản tiếp theo, hãy hiển thị phí vận chuyển trước bước xác nhận đơn.",gop_y
"Trong phiên bản tiếp theo, hãy có chương trình ưu đãi riêng dành cho sinh viên.",gop_y
"Trong phiên bản tiếp theo, hãy cho phép khách hàng đánh giá sản phẩm bằng hình ảnh.",gop_y
"Trong phiên bản tiếp theo, hãy đơn giản hóa quy trình đổi trả trên ứng dụng.",gop_y
"Trong phiên bản tiếp theo, hãy sử dụng vật liệu đóng gói thân thiện với môi trường.",gop_y
"Trong phiên bản tiếp theo, hãy bổ sung bộ lọc tìm kiếm theo giá và thời gian giao hàng.",gop_y
Tôi muốn đóng góp ý kiến rằng nên bổ sung chế độ nền tối để dễ sử dụng vào ban đêm.,gop_y
Tôi muốn đóng góp ý kiến rằng nên cho phép theo dõi vị trí người giao hàng theo thời gian thực.,gop_y
Tôi muốn đóng góp ý kiến rằng nên thêm nhiều phương thức thanh toán không dùng tiền mặt.,gop_y
Tôi muốn đóng góp ý kiến rằng nên cải thiện tốc độ phản hồi của bộ phận hỗ trợ.,gop_y
Tôi muốn đóng góp ý kiến rằng nên hiển thị phí vận chuyển trước bước xác nhận đơn.,gop_y
Tôi muốn đóng góp ý kiến rằng nên có chương trình ưu đãi riêng dành cho sinh viên.,gop_y
Tôi muốn đóng góp ý kiến rằng nên cho phép khách hàng đánh giá sản phẩm bằng hình ảnh.,gop_y
Tôi muốn đóng góp ý kiến rằng nên đơn giản hóa quy trình đổi trả trên ứng dụng.,gop_y
Tôi muốn đóng góp ý kiến rằng nên sử dụng vật liệu đóng gói thân thiện với môi trường.,gop_y
Tôi muốn đóng góp ý kiến rằng nên bổ sung bộ lọc tìm kiếm theo giá và thời gian giao hàng.,gop_y
